user, subreddit, neighbors, density, degreedist, neighborprop, tieprop, cluster, triangle, isanswer
Chartis, sandersforpresident, 25, 0.031463, 2.197225, 0.880000, 0.120000, 0.009752, 0.009752, 0
Clack082, sandersforpresident, 22, 0.056159, 2.442347, 0.954545, 0.045455, 0.023715, 0.023715, 0
The1stCitizenOfTheIn, sandersforpresident, 41, 0.026340, 1.740466, 0.878049, 0.170732, 0.014423, 0.014423, 0
TripleEEE1682, sandersforpresident, 41, 0.043961, 1.185624, 0.756098, 0.170732, 0.023232, 0.023232, 0
meatduck12, sandersforpresident, 33, 0.046346, 2.047693, 0.969697, 0.303030, 0.011364, 0.011364, 0
Hurricos, sandersforpresident, 23, 0.060000, 1.704748, 0.956522, 0.086957, 0.018116, 0.018116, 0
Galle_, political_revolution, 24, 0.051802, 1.488077, 0.708333, 0.333333, 0.019048, 0.019048, 0
smugliberaltears, anarchism, 22, 0.041835, 1.550597, 0.727273, 0.227273, 0.022760, 0.022760, 0
BashTheAltRight, anarchism, 23, 0.070769, 1.481605, 0.782609, 0.043478, 0.046667, 0.046667, 0
KimmyG38, aww, 83, 0.001867, 4.626605, 0.927711, 0.060241, 0.000068, 0.000068, 0
TheUnbeliever, food, 22, 0.004767, 4.382027, 0.909091, 0.090909, 0.000484, 0.000480, 0
taniadlange, food, 26, 0.005348, 3.583519, 0.807692, 0.115385, 0.000540, 0.000540, 0
kehulk, food, 22, 0.005238, 4.262680, 0.909091, 0.045455, 0.000176, 0.000176, 0
mariozeats, food, 50, 0.006669, 5.252273, 0.960000, 0.120000, 0.000167, 0.000165, 0
kidkolumbo, showerthoughts, 37, 0.002551, 4.976734, 0.891892, 0.081081, 0.000137, 0.000137, 0
chabanais, conservative, 35, 0.010530, 1.915373, 0.714286, 0.114286, 0.004818, 0.004818, 0
shots-o, conservative, 26, 0.046942, 2.484907, 0.846154, 0.346154, 0.003003, 0.002845, 0
not__banksy, conservative, 41, 0.033937, 1.727221, 0.829268, 0.219512, 0.012549, 0.012549, 0
ysrdog, libertarian, 52, 0.030640, 2.322388, 0.903846, 0.211538, 0.012579, 0.012579, 0
matts2, libertarian, 20, 0.088768, 1.152680, 0.750000, 0.250000, 0.059289, 0.059289, 0
darthvadersnipples, libertarian, 22, 0.032313, 2.751535, 0.954545, 0.272727, 0.005319, 0.005319, 0
jazzmoses, libertarian, 20, 0.071667, 2.484907, 0.950000, 0.200000, 0.007246, 0.007246, 0
official_cnn_bot, libertarian, 23, 0.058333, 2.484907, 0.913043, 0.000000, 0.025362, 0.025362, 0
Hhtura, anarcho_capitalism, 24, 0.077011, 0.597837, 0.625000, 0.500000, 0.034483, 0.034483, 0
snowmandan, conspiracy, 22, 0.056452, 1.139434, 0.636364, 0.227273, 0.030108, 0.030108, 0
HashtagDadJoke, conspiracy, 23, 0.055556, 1.134980, 0.652174, 0.217391, 0.038655, 0.038655, 0
Thames_Chase, conspiracy, 22, 0.012910, 2.975530, 0.681818, 0.318182, 0.001980, 0.001941, 0
chickyrogue, conspiracy, 21, 0.103261, 0.575364, 0.619048, 0.333333, 0.059289, 0.059289, 0
TwoDimesMove, conspiracy, 27, 0.015399, 1.530189, 0.666667, 0.333333, 0.006747, 0.006631, 0
